{
    "structures": [
        {
            "structure": "ati_structures:gnome_hut",
            "weight": 1
        },
        {
            "structure": "ati_structures:warden_monument",
            "weight": 1
        },
        {
            "structure": "ati_structures:ancient_vessel",
            "weight": 1
        }
    ],
    "placement": {
        "type": "minecraft:random_spread",
        "spacing": 150,
        "separation": 125,
        "salt": 34562347
    }
}
