{
    "replace": false,
    "values": [
        "#is_forest",
        "#is_jungle",
        "#has_structure/village_plains",
        "#has_structure/village_savanna",
        "#has_structure/village_snowy",
        "#has_structure/village_taiga",
        {
            "id": "#c:plains",
            "required": false
        },
        {
            "id": "#c:badlands",
            "required": false
        },
        {
            "id": "#c:floral",
            "required": false
        },
        {
            "id": "#c:forest",
            "required": false
        },
        {
            "id": "#c:jungle",
            "required": false
        },
        {
            "id": "#c:savanna",
            "required": false
        },
        {
            "id": "#c:snowy",
            "required": false
        },
        {
            "id": "#c:taiga",
            "required": false
        },
        {
            "id": "#c:ense",
            "required": false
        },
        {
            "id": "#c:taiga",
            "required": false
        }
        
        
    ]
}
