{
  "replace": false,
  "values": [
    "minecraft:plains",
    "minecraft:savanna",
    "minecraft:sunflower_plains",
    "minecraft:forest",
    "sparse_jungle",
    "birch_forest",
    "dark_forest",
    "old_growth_birch_forest",
    "old_growth_spruce_taiga",
    "old_growth_pine_taiga",
    {
      "id": "terralith:brushland",
      "required": false
    },
    {
      "id": "terralith:savanna_badlands",
      "required": false
    },
    {
      "id": "terralith:savanna_slopes",
      "required": false
    },
    {
      "id": "terralith:shrubland",
      "required": false
    },
    {
      "id": "terralith:hot_shrubland",
      "required": false
    },
    {
      "id": "#c:is_savanna",
      "required": false
    }
  ]
}
