{
    "replace": false,
    "values": [
        "minecraft:plains",
        "minecraft:sunflower_plains",
        "minecraft:forest",
        {
            "id": "terralith:alpine_highlands",
            "required": false
        },
        {
            "id": "terralith:cold_shrubland",
            "required": false
        },
        {
            "id": "terralith:shrubland",
            "required": false
        },
        {
            "id": "terralith:highlands",
            "required": false
        },
        {
            "id": "#c:forest",
            "required": false
        },
        {
            "id": "#c:is_plains",
            "required": false
        },
        {
            "id": "#minecraft:is_plains",
            "required": false
        }
    ]
}