{
  "replace": false,
  "values": [
    "minecraft:plains",
    "minecraft:savanna",
    "minecraft:sunflower_plains",
    "minecraft:forest",
    "minecraft:sparse_jungle",
    "minecraft:birch_forest",
    "minecraft:dark_forest",
    "minecraft:old_growth_birch_forest",
    "minecraft:old_growth_spruce_taiga",
    "minecraft:old_growth_pine_taiga",
    {
      "id": "terralith:sakura_grove",
      "required": false
    },
    {
      "id": "terralith:lavender_forest",
      "required": false
    },
    {
      "id": "terralith:moonlight_grove",
      "required": false
    },
    {
      "id": "terralith:brushland",
      "required": false
    },
    {
      "id": "#terralith:has_structure/fortified_village",
      "required": false
    },
    {
      "id": "#c:forest",
      "required": false
    },
    {
      "id": "#c:is_savanna",
      "required": false
    }
  ]
}
