{
  "type": "minecraft:chest",
  "pools": [
    {
      "rolls": {
        "min": 4,
        "max": 5
      },
      "bonus_rolls": 1,
      "entries": [
        {
          "type": "minecraft:item",
          "name": "minecraft:arrow",
          "weight": 5,
          "functions": [
            {
              "function": "minecraft:set_count",
              "count": {
                "min": 3,
                "max": 5
              }
            }
          ]
        },
        {
          "type": "minecraft:item",
          "name": "minecraft:tipped_arrow",
          "weight": 1,
          "functions": [
            {
              "function": "minecraft:set_name",
              "name": {
                "translate": "Uranium Tipped Arrow",
                "color": "#65fb83",
                "bold": true,
                "italic": false
              }
            },
            {
              "function": "minecraft:set_components",
              "components": {
                "minecraft:potion_contents": {
                  "custom_color": 6945922,
                  "custom_effects": [
                    {
                      "id": "minecraft:poison",
                      "amplifier": 1,
                      "duration": 1000
                    }
                  ]
                }
              }
            },
            {
              "function": "minecraft:set_lore",
              "lore": [
                {
                  "translate": "I LOVE URANIUM",
                  "color": "#00fa4b",
                  "italic": false
                }
              ],
              "mode": "append"
            },
            {
              "function": "minecraft:set_count",
              "count": {
                "type": "minecraft:uniform",
                "min": 4,
                "max": 10
              }
            }
          ]
        },
        {
          "type": "minecraft:item",
          "name": "minecraft:tipped_arrow",
          "weight": 1,
          "functions": [
            {
              "function": "minecraft:set_name",
              "name": {
                "translate": "Arrow of Siliness",
                "color": "#01f9f5",
                "bold": true,
                "italic": false
              }
            },
            {
              "function": "minecraft:set_components",
              "components": {
                "minecraft:potion_contents": {
                  "custom_color": 64511,
                  "custom_effects": [
                    {
                      "id": "minecraft:jump_boost",
                      "duration": 300
                    },
                    {
                      "id": "minecraft:wind_charged",
                      "duration": 600
                    },
                    {
                      "id": "minecraft:slowness",
                      "amplifier": 1,
                      "duration": 600
                    }
                  ]
                }
              }
            },
            {
              "function": "minecraft:set_count",
              "count": {
                "type": "minecraft:uniform",
                "min": 4,
                "max": 10
              }
            }
          ]
        },
        {
          "type": "minecraft:item",
          "name": "minecraft:feather",
          "functions": [
            {
              "function": "minecraft:set_count",
              "count": {
                "min": 1,
                "max": 5
              }
            }
          ]
        },
        {
          "type": "minecraft:item",
          "name": "minecraft:iron_ingot",
          "functions": [
            {
              "function": "minecraft:set_count",
              "count": {
                "min": 1,
                "max": 5
              }
            }
          ]
        },
        {
          "type": "minecraft:item",
          "name": "minecraft:gold_ingot",
          "functions": [
            {
              "function": "minecraft:set_count",
              "count": {
                "min": 1,
                "max": 5
              }
            }
          ]
        },
        {
          "type": "minecraft:item",
          "name": "minecraft:iron_nugget",
          "functions": [
            {
              "function": "minecraft:set_count",
              "count": {
                "min": 4,
                "max": 10
              }
            }
          ]
        },
        {
          "type": "minecraft:item",
          "name": "minecraft:gold_nugget",
          "functions": [
            {
              "function": "minecraft:set_count",
              "count": {
                "min": 4,
                "max": 10
              }
            }
          ]
        },
        {
          "type": "minecraft:item",
          "name": "minecraft:raw_gold",
          "functions": [
            {
              "function": "minecraft:set_count",
              "count": {
                "min": 2,
                "max": 6
              }
            }
          ]
        }
      ]
    },
    {
      "rolls": {
        "min": 0,
        "max": 1
      },
      "entries": [
        {
          "type": "minecraft:item",
          "name": "minecraft:crossbow",
          "functions": [
            {
              "function": "minecraft:enchant_with_levels",
              "levels": {
                "min": 1,
                "max": 30
              }
            }
          ]
        }
      ]
    },
    {
      "rolls": {
        "min": 0,
        "max": 1
      },
      "entries": [
        {
          "type": "minecraft:item",
          "name": "minecraft:bow",
          "functions": [
            {
              "function": "minecraft:enchant_with_levels",
              "levels": {
                "min": 1,
                "max": 20
              }
            }
          ]
        }
      ]
    },
    {
      "rolls": 1,
      "entries": [
        {
          "type": "minecraft:item",
          "name": "minecraft:golden_chestplate",
          "functions": [
            {
              "function": "minecraft:enchant_with_levels",
              "levels": {
                "min": 1,
                "max": 100
              },
              "conditions": [
                {
                  "condition": "minecraft:random_chance",
                  "chance": 0.5
                }
              ]
            }
          ]
        },
        {
          "type": "minecraft:item",
          "name": "minecraft:chainmail_chestplate",
          "functions": [
            {
              "function": "minecraft:enchant_with_levels",
              "levels": {
                "min": 1,
                "max": 20
              },
              "conditions": [
                {
                  "condition": "minecraft:random_chance",
                  "chance": 0.5
                }
              ]
            }
          ]
        }
      ]
    },
    {
      "rolls": 1,
      "entries": [
        {
          "type": "minecraft:item",
          "name": "minecraft:golden_leggings",
          "functions": [
            {
              "function": "minecraft:enchant_with_levels",
              "levels": {
                "min": 1,
                "max": 100
              },
              "conditions": [
                {
                  "condition": "minecraft:random_chance",
                  "chance": 0.5
                }
              ]
            }
          ]
        },
        {
          "type": "minecraft:item",
          "name": "minecraft:chainmail_leggings",
          "functions": [
            {
              "function": "minecraft:enchant_with_levels",
              "levels": {
                "min": 1,
                "max": 20
              },
              "conditions": [
                {
                  "condition": "minecraft:random_chance",
                  "chance": 0.5
                }
              ]
            }
          ]
        }
      ]
    },
    {
      "rolls": 1,
      "entries": [
        {
          "type": "minecraft:item",
          "name": "minecraft:golden_boots",
          "functions": [
            {
              "function": "minecraft:enchant_with_levels",
              "levels": {
                "min": 1,
                "max": 100
              },
              "conditions": [
                {
                  "condition": "minecraft:random_chance",
                  "chance": 0.5
                }
              ]
            }
          ]
        },
        {
          "type": "minecraft:item",
          "name": "minecraft:chainmail_boots",
          "functions": [
            {
              "function": "minecraft:enchant_with_levels",
              "levels": {
                "min": 1,
                "max": 20
              },
              "conditions": [
                {
                  "condition": "minecraft:random_chance",
                  "chance": 0.5
                }
              ]
            }
          ]
        }
      ]
    },
    {
      "rolls": 1,
      "entries": [
        {
          "type": "minecraft:item",
          "name": "minecraft:splash_potion",
          "functions": [],
          "conditions": [
            {
              "condition": "minecraft:random_chance",
              "chance": 0.2
            }
          ]
        }
      ],
      "functions": [
        {
          "function": "minecraft:set_name",
          "name": {
            "translate": "Schizophrenic Liquid",
            "color": "#fc5454",
            "bold": true,
            "italic": false
          }
        },
        {
          "function": "minecraft:set_lore",
          "lore": [
            {
              "translate": "I enjoy every voice I hear",
              "color": "#a80000"
            }
          ],
          "mode": "insert"
        },
        {
          "function": "minecraft:set_components",
          "components": {
            "minecraft:potion_contents": {
              "custom_color": 15860226,
              "custom_effects": [
                {
                  "id": "minecraft:infested",
                  "amplifier": 2,
                  "duration": 600
                },
                {
                  "id": "minecraft:oozing",
                  "amplifier": 2,
                  "duration": 600
                },
                {
                  "id": "minecraft:wither",
                  "duration": 600
                },
                {
                  "id": "minecraft:weakness",
                  "duration": 600
                },
                {
                  "id": "minecraft:nausea",
                  "amplifier": 2,
                  "duration": 600
                },
                {
                  "id": "minecraft:glowing",
                  "duration": 600
                },
                {
                  "id": "minecraft:speed",
                  "amplifier": 1,
                  "duration": 200
                }
              ]
            }
          }
        },
        {
          "function": "minecraft:set_count",
          "count": {
            "type": "minecraft:uniform",
            "min": 1,
            "max": 2
          }
        }
      ]
    },
    {
      "rolls": 1,
      "entries": [
        {
          "type": "minecraft:item",
          "name": "minecraft:potion",
          "functions": [
            {
              "function": "minecraft:set_name",
              "name": {
                "translate": "White Monster",
                "color": "#ffffff",
                "bold": true,
                "italic": false
              }
            },
            {
              "function": "minecraft:set_lore",
              "lore": [
                {
                  "translate": "Unlimited Vril",
                  "color": "#d4d4d4"
                }
              ],
              "mode": "insert"
            },
            {
              "function": "minecraft:set_components",
              "components": {
                "minecraft:potion_contents": {
                  "custom_color": 16777215,
                  "custom_effects": [
                    {
                      "id": "minecraft:conduit_power",
                      "amplifier": 1,
                      "duration": 1600
                    },
                    {
                      "id": "minecraft:water_breathing",
                      "amplifier": 1,
                      "duration": 1600
                    },
                    {
                      "id": "minecraft:speed",
                      "amplifier": 1,
                      "duration": 1600
                    }
                  ]
                }
              }
            },
            {
              "function": "minecraft:set_count",
              "count": {
                "type": "minecraft:uniform",
                "min": 1,
                "max": 2
              }
            }
          ],
          "conditions": [
            {
              "condition": "minecraft:random_chance",
              "chance": 0.2
            }
          ]
        }
      ]
    },
    {
      "rolls": 1,
      "entries": [
        {
          "type": "minecraft:item",
          "name": "minecraft:splash_potion",
          "functions": [],
          "conditions": [
            {
              "condition": "minecraft:random_chance",
              "chance": 0.2
            }
          ]
        }
      ],
      "functions": [
        {
          "function": "minecraft:set_name",
          "name": {
            "translate": "RedBull",
            "color": "#059e70",
            "bold": true,
            "italic": false
          }
        },
        {
          "function": "minecraft:set_lore",
          "lore": [
            {
              "translate": "Gives you wings!",
              "color": "#ffffff"
            }
          ],
          "mode": "insert"
        },
        {
          "function": "minecraft:set_components",
          "components": {
            "minecraft:potion_contents": {
              "custom_color": 368240,
              "custom_effects": [
                {
                  "id": "minecraft:levitation",
                  "amplifier": 1,
                  "duration": 1200
                }
              ]
            }
          }
        },
        {
          "function": "minecraft:set_count",
          "count": {
            "type": "minecraft:uniform",
            "min": 1,
            "max": 2
          }
        }
      ],
      "conditions": []
    },
    {
      "rolls": 1,
      "entries": [
        {
          "type": "minecraft:item",
          "name": "minecraft:diamond_helmet"
        },
        {
          "type": "minecraft:item",
          "name": "minecraft:diamond_chestplate"
        },
        {
          "type": "minecraft:item",
          "name": "minecraft:diamond_leggings"
        },
        {
          "type": "minecraft:item",
          "name": "minecraft:diamond_boots"
        },
        {
          "type": "minecraft:item",
          "name": "minecraft:diamond_sword"
        },
        {
          "type": "minecraft:item",
          "name": "minecraft:diamond_pickaxe"
        },
        {
          "type": "minecraft:item",
          "name": "minecraft:diamond_axe"
        }
      ],
      "functions": [
        {
          "function": "minecraft:enchant_with_levels",
          "levels": {
            "min": 5,
            "max": 10
          }
        }
      ],
      "conditions": [
        {
          "condition": "minecraft:random_chance",
          "chance": 0.3
        }
      ]
    }
  ]
}
