{
  "type": "minecraft:chest",
  "pools": [
    {
      "rolls": {
        "min": {
          "min": 1,
          "max": 6
        },
        "max": 5
      },
      "entries": [
        {
          "type": "minecraft:item",
          "name": "minecraft:coal_ore",
          "weight": 4
        },
        {
          "type": "minecraft:item",
          "name": "minecraft:coal",
          "weight": 5
        },
        {
          "type": "minecraft:item",
          "name": "minecraft:charcoal",
          "weight": 5
        },
        {
          "type": "minecraft:item",
          "name": "minecraft:deepslate_coal_ore",
          "weight": 4
        },
        {
          "type": "minecraft:item",
          "name": "minecraft:cobbled_deepslate",
          "weight": 3
        },
        {
          "type": "minecraft:item",
          "name": "minecraft:deepslate",
          "weight": 3
        },
        {
          "type": "minecraft:item",
          "name": "minecraft:stone",
          "weight": 3
        }
      ],
      "functions": [
        {
          "function": "minecraft:set_count",
          "count": {
            "min": 6,
            "max": 10
          }
        }
      ]
    },
    {
      "rolls": 1,
      "entries": [
        {
          "type": "minecraft:item",
          "name": "minecraft:mud"
        },
        {
          "type": "minecraft:item",
          "name": "minecraft:smooth_basalt"
        },
        {
          "type": "minecraft:item",
          "name": "minecraft:blackstone"
        },
        {
          "type": "minecraft:item",
          "name": "minecraft:wither_rose"
        },
        {
          "type": "minecraft:item",
          "name": "minecraft:basalt"
        },
        {
          "type": "minecraft:item",
          "name": "minecraft:flint"
        }
      ],
      "functions": [
        {
          "function": "minecraft:set_count",
          "count": {
            "min": 6,
            "max": 20
          }
        }
      ]
    },
    {
      "rolls": 1,
      "entries": [
        {
          "type": "minecraft:item",
          "name": "minecraft:coal_block",
          "functions": [
            {
              "function": "minecraft:set_count",
              "count": {
                "min": 0,
                "max": 6
              }
            }
          ]
        }
      ]
    },
    {
      "rolls": 1,
      "entries": [
        {
          "type": "minecraft:item",
          "name": "minecraft:leather_helmet",
          "functions": [
            {
              "function": "minecraft:set_nbt",
              "tag": "{Trim:{pattern:host,material:netherite},display:{color:1908001}}"
            }
          ]
        },
        {
          "type": "minecraft:item",
          "name": "minecraft:leather_chestplate",
          "functions": [
            {
              "function": "minecraft:set_nbt",
              "tag": "{Trim:{pattern:host,material:netherite},display:{color:1908001}}"
            }
          ]
        },
        {
          "type": "minecraft:item",
          "name": "minecraft:leather_leggings",
          "functions": [
            {
              "function": "minecraft:set_nbt",
              "tag": "{Trim:{pattern:host,material:netherite},display:{color:1908001}}"
            }
          ]
        },
        {
          "type": "minecraft:item",
          "name": "minecraft:leather_boots",
          "functions": [
            {
              "function": "minecraft:set_nbt",
              "tag": "{Trim:{pattern:host,material:netherite},display:{color:1908001}}"
            }
          ]
        }
      ],
      "functions": [
        {
          "function": "minecraft:enchant_with_levels",
          "levels": {
            "min": 20,
            "max": 30
          }
        }
      ],
      "conditions": [
        {
          "condition": "minecraft:random_chance",
          "chance": 0.3
        }
      ]
    }
  ]
}
