{
  "type": "minecraft:chest",
  "pools": [
    {
      "rolls": {
        "min": 4,
        "max": 12
      },
      "bonus_rolls": 2,
      "entries": [
        {
          "type": "minecraft:item",
          "name": "minecraft:granite",
          "weight": 2
        },
        {
          "type": "minecraft:item",
          "name": "minecraft:stone",
          "weight": 2
        },
        {
          "type": "minecraft:item",
          "name": "minecraft:tuff",
          "weight": 2
        },
        {
          "type": "minecraft:item",
          "name": "minecraft:calcite",
          "weight": 2
        },
        {
          "type": "minecraft:item",
          "name": "minecraft:dripstone_block",
          "weight": 2
        },
        {
          "type": "minecraft:item",
          "name": "minecraft:coal",
          "weight": 1
        },
        {
          "type": "minecraft:item",
          "name": "minecraft:charcoal",
          "weight": 1
        }
      ],
      "functions": [
        {
          "function": "minecraft:set_count",
          "count": {
            "min": 6,
            "max": 20
          }
        }
      ]
    },
    {
      "rolls": 1,
      "entries": [
        {
          "type": "minecraft:item",
          "name": "minecraft:red_mushroom",
          "functions": [
            {
              "function": "minecraft:set_nbt",
              "tag": "{display:{Name:'[\"\",{\"text\":\"Spicy \",\"italic\":false,\"color\":\"red\"},{\"text\":\"Magic\",\"italic\":false,\"color\":\"yellow\"},{\"text\":\" \",\"italic\":false,\"color\":\"red\"},{\"text\":\"Shroom\",\"italic\":false,\"color\":\"gold\"}]',Lore:['[\"\",{\"text\":\"Very peculiar\",\"italic\":false,\"color\":\"#cc9900\"}]']},Enchantments:[{lvl:3,id:fire_aspect},{lvl:1,id:silk_touch}]}"
            }
          ]
        },
        {
          "type": "minecraft:item",
          "name": "minecraft:brown_mushroom",
          "functions": [
            {
              "function": "minecraft:set_count",
              "count": {
                "min": 1,
                "max": 8
              }
            }
          ]
        },
        {
          "type": "minecraft:item",
          "name": "minecraft:leather_boots",
          "functions": [
            {
              "function": "minecraft:set_nbt",
              "tag": "{Trim:{pattern:silence,material:gold},display:{color:16711680,Name:'[\"\",{\"text\":\"Magma \",\"italic\":false,\"color\":\"gold\"},{\"text\":\"Boots\",\"italic\":false,\"color\":\"red\"}]',Lore:['[\"\",{\"text\":\"Fire resistant\",\"italic\":false,\"color\":\"dark_red\"}]']},Enchantments:[{lvl:5,id:fire_protection},{lvl:3,id:unbreaking},{lvl:1,id:vanishing_curse}]}"
            }
          ]
        },
        {
          "type": "minecraft:item",
          "name": "minecraft:stone_sword",
          "functions": [
            {
              "function": "minecraft:set_nbt",
              "tag": "{display:{Name:'[\"\",{\"text\":\"Heavy Stone Sword\",\"italic\":false,\"color\":\"white\"}]',Lore:['[\"\",{\"text\":\"Made from dense pebbles\",\"italic\":false,\"color\":\"gray\"}]']},Enchantments:[{lvl:2,id:knockback},{lvl:3,id:sharpness}]}"
            }
          ]
        }
      ],
      "conditions": [
        {
          "condition": "minecraft:random_chance",
          "chance": 0.5
        }
      ]
    }
  ]
}
