{
  "type": "minecraft:chest",
  "pools": [
    {
      "rolls": {
        "min": 5,
        "max": 8
      },
      "bonus_rolls": 2,
      "entries": [
        {
          "type": "minecraft:item",
          "name": "minecraft:dandelion",
          "weight": 2
        },
        {
          "type": "minecraft:item",
          "name": "minecraft:mangrove_propagule",
          "weight": 2
        },
        {
          "type": "minecraft:item",
          "name": "minecraft:grass_block",
          "weight": 2
        },
        {
          "type": "minecraft:item",
          "name": "minecraft:bamboo",
          "weight": 2
        },
        {
          "type": "minecraft:item",
          "name": "minecraft:moss_block",
          "weight": 2
        },
        {
          "type": "minecraft:item",
          "name": "minecraft:sugar_cane",
          "weight": 2
        },
        {
          "type": "minecraft:item",
          "name": "minecraft:flowering_azalea_leaves",
          "weight": 2
        },
        {
          "type": "minecraft:item",
          "name": "minecraft:lily_of_the_valley",
          "weight": 2
        },
        {
          "type": "minecraft:item",
          "name": "minecraft:kelp",
          "weight": 2
        },
        {
          "type": "minecraft:item",
          "name": "minecraft:blue_orchid",
          "weight": 2
        },
        {
          "type": "minecraft:item",
          "name": "minecraft:oak_leaves",
          "weight": 2
        },
        {
          "type": "minecraft:item",
          "name": "minecraft:rose_bush",
          "weight": 2
        },
        {
          "type": "minecraft:item",
          "name": "minecraft:spore_blossom",
          "weight": 1
        },
        {
          "type": "minecraft:item",
          "name": "minecraft:coarse_dirt",
          "weight": 2
        },
        {
          "type": "minecraft:item",
          "name": "minecraft:red_tulip",
          "weight": 2
        },
        {
          "type": "minecraft:item",
          "name": "minecraft:oak_sapling",
          "weight": 2
        },
        {
          "type": "minecraft:item",
          "name": "minecraft:spruce_sapling"
        },
        {
          "type": "minecraft:item",
          "name": "minecraft:dark_oak_sapling"
        }
      ],
      "functions": [
        {
          "function": "minecraft:set_count",
          "count": {
            "min": 5,
            "max": 10
          }
        }
      ]
    },
    {
      "rolls": 1,
      "entries": [
        {
          "type": "minecraft:item",
          "name": "minecraft:emerald"
        },
        {
          "type": "minecraft:item",
          "name": "minecraft:deepslate_emerald_ore"
        },
        {
          "type": "minecraft:item",
          "name": "minecraft:emerald_ore"
        }
      ],
      "functions": [
        {
          "function": "minecraft:set_count",
          "count": {
            "min": 5,
            "max": 10
          }
        }
      ]
    },
    {
      "rolls": 1,
      "entries": [
        {
          "type": "minecraft:item",
          "name": "minecraft:splash_potion",
          "weight": 1,
          "functions": [
            {
              "function": "minecraft:set_nbt",
              "tag": "{CustomPotionColor:16383998,CustomPotionEffects:[{Id:22,Duration:2400,Amplifier:1},{Id:22,Duration:2400,Amplifier:6}],display:{Name:'[\"\",{\"text\":\"Hydrogen Fluoride Gas\",\"italic\":false,\"color\":\"light_purple\"}]',Lore:['[\"\",{\"text\":\"Very delicous\",\"italic\":false}]']}}"
            }
          ],
          "conditions": [
            {
              "condition": "minecraft:random_chance",
              "chance": 0.3
            }
          ]
        },
        {
          "type": "minecraft:item",
          "name": "minecraft:vex_spawn_egg",
          "weight": 1,
          "functions": [
            {
              "function": "minecraft:set_nbt",
              "tag": "{EntityTag:{id:evoker_fangs},display:{Name:'[{\"text\":\"Krtek Spawn Egg\",\"italic\":false}]'}}"
            },
            {
              "function": "minecraft:set_count",
              "count": {
                "min": 32,
                "max": 64
              }
            }
          ],
          "conditions": [
            {
              "condition": "minecraft:random_chance",
              "chance": 0.2
            }
          ]
        }
      ]
    }
  ]
}