{
  "type": "minecraft:chest",
  "pools": [
    {
      "rolls": {
        "min": 2,
        "max": 6
      },
      "entries": [
        {
          "type": "minecraft:item",
          "name": "minecraft:acacia_log",
          "weight": 1
        },
        {
          "type": "minecraft:item",
          "name": "minecraft:birch_log",
          "weight": 1
        },
        {
          "type": "minecraft:item",
          "name": "minecraft:dark_oak_log",
          "weight": 1
        },
        {
          "type": "minecraft:item",
          "name": "minecraft:jungle_log",
          "weight": 1
        },
        {
          "type": "minecraft:item",
          "name": "minecraft:oak_log",
          "weight": 1
        },
        {
          "type": "minecraft:item",
          "name": "minecraft:spruce_log",
          "weight": 1
        },
        {
          "type": "minecraft:item",
          "name": "minecraft:jungle_log",
          "weight": 1
        }
      ],
      "functions": [
        {
          "function": "minecraft:set_count",
          "count": {
            "min": 16,
            "max": 32
          }
        }
      ]
    },
    {
      "rolls": 1,
      "entries": [
        {
          "type": "minecraft:item",
          "name": "minecraft:stick"
        },
        {
          "type": "minecraft:item",
          "name": "minecraft:oak_leaves"
        },
        {
          "type": "minecraft:item",
          "name": "minecraft:spruce_leaves"
        }
      ],
      "functions": [
        {
          "function": "minecraft:set_count",
          "count": {
            "min": 10,
            "max": 25
          }
        }
      ]
    },
    {
      "rolls": 1,
      "entries": [
        {
          "type": "minecraft:item",
          "name": "minecraft:potion",
          "functions": [
            {
              "function": "minecraft:set_nbt",
              "tag": "{CustomPotionColor:6192150,CustomPotionEffects:[{Id:3,Duration:6000},{Id:26,Duration:6000}],display:{Name:'[\"\",{\"text\":\"Wood Chomping Liquid\",\"italic\":false,\"color\":\"green\"}]',Lore:['[\"\",{\"text\":\"Gotta love deforestation\",\"italic\":false,\"color\":\"dark_green\"}]']}}"
            }
          ]
        },
        {
          "type": "minecraft:item",
          "name": "minecraft:wooden_sword",
          "functions": [
            {
              "function": "minecraft:set_nbt",
              "tag": "{display:{Name:'[\"\",{\"text\":\"Sigma Stick\",\"italic\":false,\"color\":\"#669933\"}]',Lore:['[\"\",{\"text\":\"A very strong stick\",\"italic\":false,\"color\":\"#336633\"}]']},Enchantments:[{lvl:5,id:knockback},{lvl:5,id:sharpness},{lvl:2,id:unbreaking}]}"
            }
          ]
        },
        {
          "type": "minecraft:item",
          "name": "minecraft:leather_helmet",
          "functions": [
            {
              "function": "minecraft:set_nbt",
              "tag": "{Trim:{pattern:wayfinder,material:gold},display:{color:6192150,Name:'[\"\",{\"text\":\"Woodland Crown\",\"italic\":false,\"color\":\"#009933\"}]',Lore:['[\"\",{\"text\":\"Gives you the power of trees\",\"italic\":false,\"color\":\"#336600\"}]']},Enchantments:[{lvl:3,id:protection},{lvl:5,id:thorns}]}"
            }
          ]
        }
      ],
      "conditions": [
        {
          "condition": "minecraft:random_chance",
          "chance": 0.3
        }
      ]
    },
    {
      "rolls": 1,
      "entries": [
        {
          "type": "minecraft:item",
          "name": "minecraft:leather_boots"
        },
        {
          "type": "minecraft:item",
          "name": "minecraft:leather_leggings"
        },
        {
          "type": "minecraft:item",
          "name": "minecraft:leather_chestplate"
        },
        {
          "type": "minecraft:item",
          "name": "minecraft:leather_helmet"
        }
      ],
      "functions": [
        {
          "function": "minecraft:set_nbt",
          "tag": "{Trim:{pattern:ward,material:emerald},display:{color:8439583}}"
        },
        {
          "function": "minecraft:enchant_with_levels",
          "levels": {
            "min": 0,
            "max": 30
          }
        }
      ]
    }
  ]
}
